date_made,ticker,as_of,prob_1d,signal_1d,prob_5d,signal_5d,prob_20d,signal_20d,actual_1d,correct_1d,actual_5d,correct_5d,actual_20d,correct_20d
2026-04-27,TNYA,,0.7164,strong_up,0.8731,strong_up,0.9081,strong_up,0.0,0.0,1.0,1.0,,
2026-04-27,WULF,,0.6309,strong_up,0.6747,strong_up,0.7615,strong_up,0.0,0.0,1.0,1.0,,
2026-04-27,BYND,,0.5955,up,0.608,strong_up,0.8968,strong_up,0.0,0.0,1.0,1.0,,
2026-04-27,GETY,,0.5909,up,0.6321,strong_up,0.5048,neutral,0.0,0.0,0.0,0.0,,
2026-04-27,FUBO,,0.5814,up,0.5001,neutral,0.6495,strong_up,0.0,0.0,1.0,1.0,,
2026-04-27,AMD,,0.5725,up,0.3684,strong_down,0.7046,strong_up,0.0,0.0,1.0,0.0,,
2026-04-27,CORZ,,0.5699,up,0.6845,strong_up,0.6588,strong_up,0.0,0.0,0.0,0.0,,
2026-04-27,AUR,,0.5669,up,0.6195,strong_up,0.4878,neutral,0.0,0.0,1.0,1.0,,
2026-04-27,RIOT,,0.5641,up,0.7687,strong_up,0.9155,strong_up,0.0,0.0,1.0,1.0,,
2026-04-27,DHC,,0.5607,up,0.6168,strong_up,0.6055,strong_up,1.0,1.0,1.0,1.0,,
2026-04-27,SAIL,,0.5579,up,0.6872,strong_up,0.8694,strong_up,0.0,0.0,1.0,1.0,,
2026-04-27,ASTS,,0.5566,up,0.6028,strong_up,0.7245,strong_up,0.0,0.0,0.0,0.0,,
2026-04-27,COMP,,0.5442,up,0.6404,strong_up,0.7773,strong_up,0.0,0.0,0.0,0.0,,
2026-04-27,BFLY,,0.5441,up,0.5994,up,0.3279,strong_down,0.0,0.0,0.0,0.0,,
2026-04-27,SOUN,,0.543,up,0.8033,strong_up,0.9469,strong_up,0.0,0.0,1.0,1.0,,
2026-04-27,ACHR,,0.5418,up,0.7342,strong_up,0.6436,strong_up,0.0,0.0,0.0,0.0,,
2026-04-27,JOBY,,0.5405,up,0.677,strong_up,0.7298,strong_up,0.0,0.0,0.0,0.0,,
2026-04-27,CG,,0.5399,up,0.5866,up,0.5616,up,0.0,0.0,1.0,1.0,,
2026-04-27,OPEN,,0.5379,up,0.8139,strong_up,0.6954,strong_up,1.0,1.0,0.0,0.0,,
2026-04-27,RKT,,0.5378,up,0.7071,strong_up,0.8428,strong_up,0.0,0.0,0.0,0.0,,
2026-04-27,ONDS,,0.5357,up,0.7878,strong_up,0.8485,strong_up,0.0,0.0,0.0,0.0,,
2026-04-27,RUN,,0.5346,up,0.6877,strong_up,0.883,strong_up,0.0,0.0,0.0,0.0,,
2026-04-27,PACB,,0.5329,up,0.6185,strong_up,0.5563,up,0.0,0.0,0.0,0.0,,
2026-04-27,DJT,,0.531,up,0.7126,strong_up,0.6995,strong_up,0.0,0.0,0.0,0.0,,
2026-04-27,SOFI,,0.5306,up,0.7818,strong_up,0.9072,strong_up,0.0,0.0,0.0,0.0,,
2026-04-27,CCL,,0.5238,neutral,0.5888,up,0.4166,down,0.0,0.0,0.0,0.0,,
2026-04-27,VIX,,0.5228,neutral,0.6688,strong_up,0.3917,strong_down,0.0,0.0,1.0,1.0,,
2026-04-27,CLNE,,0.5207,neutral,0.5758,up,0.5081,neutral,0.0,0.0,1.0,1.0,,
2026-04-27,HIMS,,0.5185,neutral,0.7821,strong_up,0.6345,strong_up,0.0,0.0,0.0,0.0,,
2026-04-27,GPUS,,0.5177,neutral,0.6758,strong_up,0.8466,strong_up,0.0,0.0,0.0,0.0,,
2026-04-27,QUBT,,0.5169,neutral,0.7951,strong_up,0.9184,strong_up,0.0,0.0,1.0,1.0,,
2026-04-27,QXO,,0.5117,neutral,0.647,strong_up,0.5054,neutral,0.0,0.0,0.0,0.0,,
2026-04-27,NET,,0.5054,neutral,0.6789,strong_up,0.8587,strong_up,0.0,0.0,1.0,1.0,,
2026-04-27,MAC,,0.5024,neutral,0.6271,strong_up,0.585,up,1.0,1.0,0.0,0.0,,
2026-04-27,BBAI,,0.5002,neutral,0.81,strong_up,0.7839,strong_up,1.0,1.0,1.0,1.0,,
2026-04-27,PTON,,0.4985,neutral,0.5662,up,0.5716,up,0.0,1.0,0.0,0.0,,
2026-04-27,INDI,,0.4955,neutral,0.5526,up,0.4038,down,0.0,1.0,1.0,1.0,,
2026-04-27,AVAH,,0.4942,neutral,0.5317,up,0.7561,strong_up,0.0,1.0,0.0,0.0,,
2026-04-27,HOOD,,0.4938,neutral,0.7495,strong_up,0.8779,strong_up,0.0,1.0,0.0,0.0,,
2026-04-27,APP,,0.4916,neutral,0.825,strong_up,0.8424,strong_up,0.0,1.0,1.0,1.0,,
2026-04-27,VRT,,0.4905,neutral,0.5182,neutral,0.6522,strong_up,0.0,1.0,1.0,1.0,,
2026-04-27,VISN,,0.4898,neutral,0.4636,down,0.6439,strong_up,1.0,0.0,1.0,0.0,,
2026-04-27,CLSK,,0.4893,neutral,0.6831,strong_up,0.3327,strong_down,0.0,1.0,1.0,1.0,,
2026-04-27,XYZ,,0.4891,neutral,0.62,strong_up,0.6863,strong_up,0.0,1.0,1.0,1.0,,
2026-04-27,BTBT,,0.4833,neutral,0.614,strong_up,0.5627,up,0.0,1.0,1.0,1.0,,
2026-04-27,VG,,0.4825,neutral,0.6836,strong_up,0.392,strong_down,0.0,1.0,1.0,1.0,,
2026-04-27,CIFR,,0.4789,neutral,0.7206,strong_up,0.6626,strong_up,0.0,1.0,0.0,0.0,,
2026-04-27,GAP,,0.4776,neutral,0.5344,up,0.4419,down,0.0,1.0,0.0,0.0,,
2026-04-27,GOSS,,0.4771,neutral,0.5293,neutral,0.2811,strong_down,0.0,1.0,1.0,1.0,,
2026-04-27,EOSE,,0.4771,neutral,0.7054,strong_up,0.6296,strong_up,0.0,1.0,0.0,0.0,,
2026-04-27,NCLH,,0.4735,neutral,0.5572,up,0.5488,up,0.0,1.0,0.0,0.0,,
2026-04-27,APLD,,0.4679,down,0.8229,strong_up,0.6739,strong_up,0.0,1.0,1.0,1.0,,
2026-04-27,AFRM,,0.4632,down,0.7552,strong_up,0.7911,strong_up,0.0,1.0,1.0,1.0,,
2026-04-27,MVST,,0.4621,down,0.7615,strong_up,0.6644,strong_up,0.0,1.0,0.0,0.0,,
2026-04-27,PLUG,,0.4605,down,0.6188,strong_up,0.4913,neutral,0.0,1.0,1.0,1.0,,
2026-04-27,HIVE,,0.4603,down,0.729,strong_up,0.5796,up,0.0,1.0,1.0,1.0,,
2026-04-27,HTZ,,0.46,down,0.5676,up,0.495,neutral,1.0,0.0,1.0,1.0,,
2026-04-27,ULCC,,0.4587,down,0.6304,strong_up,0.8494,strong_up,0.0,1.0,1.0,1.0,,
2026-04-27,U,,0.4574,down,0.6665,strong_up,0.759,strong_up,0.0,1.0,1.0,1.0,,
2026-04-27,ABTC,,0.4568,down,0.5473,up,0.6268,strong_up,0.0,1.0,0.0,0.0,,
2026-04-27,SMR,,0.4549,down,0.5681,up,0.7416,strong_up,0.0,1.0,0.0,0.0,,
2026-04-27,NVTS,,0.4486,down,0.534,up,0.3817,strong_down,0.0,1.0,0.0,0.0,,
2026-04-27,OCGN,,0.4426,down,0.5017,neutral,0.5657,up,0.0,1.0,1.0,1.0,,
2026-04-27,CCO,,0.4331,down,0.3622,strong_down,0.5569,up,1.0,0.0,1.0,0.0,,
2026-04-27,ENVX,,0.4301,down,0.6121,strong_up,0.5387,up,0.0,1.0,1.0,1.0,,
2026-04-27,MARA,,0.4248,down,0.634,strong_up,0.707,strong_up,0.0,1.0,1.0,1.0,,
2026-04-27,CLOV,,0.4231,down,0.4441,down,0.4933,neutral,1.0,0.0,1.0,0.0,,
2026-04-27,CRWV,,0.4125,down,0.6095,strong_up,0.6413,strong_up,0.0,1.0,1.0,1.0,,
2026-04-27,QS,,0.4119,down,0.7426,strong_up,0.7657,strong_up,0.0,1.0,1.0,1.0,,
2026-04-27,NAKA,,0.41,down,0.5921,up,0.6883,strong_up,0.0,1.0,0.0,0.0,,
2026-04-27,UP,,0.3945,strong_down,0.605,strong_up,0.5445,up,0.0,1.0,0.0,0.0,,
2026-04-27,COIN,,0.3923,strong_down,0.6782,strong_up,0.7733,strong_up,0.0,1.0,1.0,1.0,,
2026-04-27,RKLB,,0.3914,strong_down,0.7422,strong_up,0.6819,strong_up,0.0,1.0,0.0,0.0,,
2026-04-27,KKR,,0.3914,strong_down,0.6919,strong_up,0.7084,strong_up,1.0,0.0,1.0,1.0,,
2026-04-27,IONQ,,0.3739,strong_down,0.7209,strong_up,0.6264,strong_up,0.0,1.0,1.0,1.0,,
2026-04-27,FFAI,,0.369,strong_down,0.4791,neutral,0.8256,strong_up,1.0,0.0,1.0,0.0,,
2026-04-27,NVDA,,0.361,strong_down,0.7619,strong_up,0.8953,strong_up,0.0,1.0,0.0,0.0,,
2026-04-27,OLPX,,0.3441,strong_down,0.403,down,0.686,strong_up,1.0,0.0,1.0,0.0,,
2026-04-27,MSTR,,0.3138,strong_down,0.6235,strong_up,0.6381,strong_up,0.0,1.0,1.0,1.0,,
2026-04-27,BE,,0.2798,strong_down,0.6313,strong_up,0.7777,strong_up,0.0,1.0,1.0,1.0,,
2026-04-27,QQQ,,0.2723,strong_down,0.5534,up,0.9653,strong_up,0.0,1.0,1.0,1.0,,
2026-04-27,SPY,,0.272,strong_down,0.7263,strong_up,0.972,strong_up,0.0,1.0,1.0,1.0,,
2026-05-01,TNYA,,0.7164,strong_up,0.8731,strong_up,0.9081,strong_up,1.0,1.0,,,,
2026-05-01,WULF,,0.6309,strong_up,0.6747,strong_up,0.7615,strong_up,1.0,1.0,,,,
2026-05-01,BYND,,0.5955,up,0.608,strong_up,0.8968,strong_up,0.0,0.0,,,,
2026-05-01,GETY,,0.5909,up,0.6321,strong_up,0.5048,neutral,0.0,0.0,,,,
2026-05-01,FUBO,,0.5814,up,0.5001,neutral,0.6495,strong_up,0.0,0.0,,,,
2026-05-01,AMD,,0.5725,up,0.3684,strong_down,0.7046,strong_up,0.0,0.0,,,,
2026-05-01,CORZ,,0.5699,up,0.6845,strong_up,0.6588,strong_up,1.0,1.0,,,,
2026-05-01,AUR,,0.5669,up,0.6195,strong_up,0.4878,neutral,1.0,1.0,,,,
2026-05-01,RIOT,,0.5641,up,0.7687,strong_up,0.9155,strong_up,1.0,1.0,,,,
2026-05-01,DHC,,0.5607,up,0.6168,strong_up,0.6055,strong_up,0.0,0.0,,,,
2026-05-01,SAIL,,0.5579,up,0.6872,strong_up,0.8694,strong_up,1.0,1.0,,,,
2026-05-01,ASTS,,0.5566,up,0.6028,strong_up,0.7245,strong_up,0.0,0.0,,,,
2026-05-01,COMP,,0.5442,up,0.6404,strong_up,0.7773,strong_up,0.0,0.0,,,,
2026-05-01,BFLY,,0.5441,up,0.5994,up,0.3279,strong_down,0.0,0.0,,,,
2026-05-01,SOUN,,0.543,up,0.8033,strong_up,0.9469,strong_up,0.0,0.0,,,,
2026-05-01,ACHR,,0.5418,up,0.7342,strong_up,0.6436,strong_up,0.0,0.0,,,,
2026-05-01,JOBY,,0.5405,up,0.677,strong_up,0.7298,strong_up,0.0,0.0,,,,
2026-05-01,CG,,0.5399,up,0.5866,up,0.5616,up,1.0,1.0,,,,
2026-05-01,OPEN,,0.5379,up,0.8139,strong_up,0.6954,strong_up,0.0,0.0,,,,
2026-05-01,RKT,,0.5378,up,0.7071,strong_up,0.8428,strong_up,0.0,0.0,,,,
2026-05-01,ONDS,,0.5357,up,0.7878,strong_up,0.8485,strong_up,0.0,0.0,,,,
2026-05-01,RUN,,0.5346,up,0.6877,strong_up,0.883,strong_up,0.0,0.0,,,,
2026-05-01,PACB,,0.5329,up,0.6185,strong_up,0.5563,up,0.0,0.0,,,,
2026-05-01,DJT,,0.531,up,0.7126,strong_up,0.6995,strong_up,0.0,0.0,,,,
2026-05-01,SOFI,,0.5306,up,0.7818,strong_up,0.9072,strong_up,0.0,0.0,,,,
2026-05-01,CCL,,0.5238,neutral,0.5888,up,0.4166,down,0.0,0.0,,,,
2026-05-01,VIX,,0.5228,neutral,0.6688,strong_up,0.3917,strong_down,1.0,1.0,,,,
2026-05-01,CLNE,,0.5207,neutral,0.5758,up,0.5081,neutral,1.0,1.0,,,,
2026-05-01,HIMS,,0.5185,neutral,0.7821,strong_up,0.6345,strong_up,0.0,0.0,,,,
2026-05-01,GPUS,,0.5177,neutral,0.6758,strong_up,0.8466,strong_up,0.0,0.0,,,,
2026-05-01,QUBT,,0.5169,neutral,0.7951,strong_up,0.9184,strong_up,1.0,1.0,,,,
2026-05-01,QXO,,0.5117,neutral,0.647,strong_up,0.5054,neutral,0.0,0.0,,,,
2026-05-01,NET,,0.5054,neutral,0.6789,strong_up,0.8587,strong_up,1.0,1.0,,,,
2026-05-01,MAC,,0.5024,neutral,0.6271,strong_up,0.585,up,0.0,0.0,,,,
2026-05-01,BBAI,,0.5002,neutral,0.81,strong_up,0.7839,strong_up,1.0,1.0,,,,
2026-05-01,PTON,,0.4985,neutral,0.5662,up,0.5716,up,0.0,1.0,,,,
2026-05-01,INDI,,0.4955,neutral,0.5526,up,0.4038,down,0.0,1.0,,,,
2026-05-01,AVAH,,0.4942,neutral,0.5317,up,0.7561,strong_up,1.0,0.0,,,,
2026-05-01,HOOD,,0.4938,neutral,0.7495,strong_up,0.8779,strong_up,1.0,0.0,,,,
2026-05-01,APP,,0.4916,neutral,0.825,strong_up,0.8424,strong_up,1.0,0.0,,,,
2026-05-01,VRT,,0.4905,neutral,0.5182,neutral,0.6522,strong_up,1.0,0.0,,,,
2026-05-01,VISN,,0.4898,neutral,0.4636,down,0.6439,strong_up,1.0,0.0,,,,
2026-05-01,CLSK,,0.4893,neutral,0.6831,strong_up,0.3327,strong_down,1.0,0.0,,,,
2026-05-01,XYZ,,0.4891,neutral,0.62,strong_up,0.6863,strong_up,1.0,0.0,,,,
2026-05-01,BTBT,,0.4833,neutral,0.614,strong_up,0.5627,up,1.0,0.0,,,,
2026-05-01,VG,,0.4825,neutral,0.6836,strong_up,0.392,strong_down,1.0,0.0,,,,
2026-05-01,CIFR,,0.4789,neutral,0.7206,strong_up,0.6626,strong_up,1.0,0.0,,,,
2026-05-01,GAP,,0.4776,neutral,0.5344,up,0.4419,down,0.0,1.0,,,,
2026-05-01,GOSS,,0.4771,neutral,0.5293,neutral,0.2811,strong_down,0.0,1.0,,,,
2026-05-01,EOSE,,0.4771,neutral,0.7054,strong_up,0.6296,strong_up,0.0,1.0,,,,
2026-05-01,NCLH,,0.4735,neutral,0.5572,up,0.5488,up,0.0,1.0,,,,
2026-05-01,APLD,,0.4679,down,0.8229,strong_up,0.6739,strong_up,1.0,0.0,,,,
2026-05-01,AFRM,,0.4632,down,0.7552,strong_up,0.7911,strong_up,0.0,1.0,,,,
2026-05-01,MVST,,0.4621,down,0.7615,strong_up,0.6644,strong_up,0.0,1.0,,,,
2026-05-01,PLUG,,0.4605,down,0.6188,strong_up,0.4913,neutral,1.0,0.0,,,,
2026-05-01,HIVE,,0.4603,down,0.729,strong_up,0.5796,up,1.0,0.0,,,,
2026-05-01,HTZ,,0.46,down,0.5676,up,0.495,neutral,0.0,1.0,,,,
2026-05-01,ULCC,,0.4587,down,0.6304,strong_up,0.8494,strong_up,1.0,0.0,,,,
2026-05-01,U,,0.4574,down,0.6665,strong_up,0.759,strong_up,1.0,0.0,,,,
2026-05-01,ABTC,,0.4568,down,0.5473,up,0.6268,strong_up,0.0,1.0,,,,
2026-05-01,SMR,,0.4549,down,0.5681,up,0.7416,strong_up,1.0,0.0,,,,
2026-05-01,NVTS,,0.4486,down,0.534,up,0.3817,strong_down,0.0,1.0,,,,
2026-05-01,OCGN,,0.4426,down,0.5017,neutral,0.5657,up,1.0,0.0,,,,
2026-05-01,CCO,,0.4331,down,0.3622,strong_down,0.5569,up,0.0,1.0,,,,
2026-05-01,ENVX,,0.4301,down,0.6121,strong_up,0.5387,up,0.0,1.0,,,,
2026-05-01,MARA,,0.4248,down,0.634,strong_up,0.707,strong_up,1.0,0.0,,,,
2026-05-01,CLOV,,0.4231,down,0.4441,down,0.4933,neutral,0.0,1.0,,,,
2026-05-01,CRWV,,0.4125,down,0.6095,strong_up,0.6413,strong_up,1.0,0.0,,,,
2026-05-01,QS,,0.4119,down,0.7426,strong_up,0.7657,strong_up,0.0,1.0,,,,
2026-05-01,NAKA,,0.41,down,0.5921,up,0.6883,strong_up,0.0,1.0,,,,
2026-05-01,UP,,0.3945,strong_down,0.605,strong_up,0.5445,up,0.0,1.0,,,,
2026-05-01,COIN,,0.3923,strong_down,0.6782,strong_up,0.7733,strong_up,1.0,0.0,,,,
2026-05-01,RKLB,,0.3914,strong_down,0.7422,strong_up,0.6819,strong_up,1.0,0.0,,,,
2026-05-01,KKR,,0.3914,strong_down,0.6919,strong_up,0.7084,strong_up,0.0,1.0,,,,
2026-05-01,IONQ,,0.3739,strong_down,0.7209,strong_up,0.6264,strong_up,0.0,1.0,,,,
2026-05-01,FFAI,,0.369,strong_down,0.4791,neutral,0.8256,strong_up,0.0,1.0,,,,
2026-05-01,NVDA,,0.361,strong_down,0.7619,strong_up,0.8953,strong_up,1.0,0.0,,,,
2026-05-01,OLPX,,0.3441,strong_down,0.403,down,0.686,strong_up,0.0,1.0,,,,
2026-05-01,MSTR,,0.3138,strong_down,0.6235,strong_up,0.6381,strong_up,1.0,0.0,,,,
2026-05-01,BE,,0.2798,strong_down,0.6313,strong_up,0.7777,strong_up,0.0,1.0,,,,
2026-05-01,QQQ,,0.2723,strong_down,0.5534,up,0.9653,strong_up,0.0,1.0,,,,
2026-05-01,SPY,,0.272,strong_down,0.7263,strong_up,0.972,strong_up,0.0,1.0,,,,
2026-05-02,GPUS,2026-05-01,0.6695,strong_up,0.8208,strong_up,0.922,strong_up,0.0,0.0,,,,
2026-05-02,GETY,2026-05-01,0.6497,strong_up,0.5024,neutral,0.5425,up,0.0,0.0,,,,
2026-05-02,UP,2026-05-01,0.6331,strong_up,0.8629,strong_up,0.6604,strong_up,0.0,0.0,,,,
2026-05-02,SOFI,2026-05-01,0.6154,strong_up,0.7074,strong_up,0.9297,strong_up,0.0,0.0,,,,
2026-05-02,EOSE,2026-05-01,0.6077,strong_up,0.5984,up,0.7508,strong_up,0.0,0.0,,,,
2026-05-02,CG,2026-05-01,0.6005,strong_up,0.4869,neutral,0.7231,strong_up,1.0,1.0,,,,
2026-05-02,QXO,2026-05-01,0.5993,up,0.47,neutral,0.6841,strong_up,0.0,0.0,,,,
2026-05-02,HIMS,2026-05-01,0.5951,up,0.5742,up,0.5915,up,0.0,0.0,,,,
2026-05-02,HOOD,2026-05-01,0.5928,up,0.5805,up,0.8372,strong_up,1.0,1.0,,,,
2026-05-02,SOUN,2026-05-01,0.5867,up,0.5799,up,0.914,strong_up,0.0,0.0,,,,
2026-05-02,COIN,2026-05-01,0.5675,up,0.4373,down,0.7872,strong_up,1.0,1.0,,,,
2026-05-02,VIX,2026-05-01,0.5628,up,0.5581,up,0.6707,strong_up,1.0,1.0,,,,
2026-05-02,HIVE,2026-05-01,0.5612,up,0.7102,strong_up,0.5663,up,1.0,1.0,,,,
2026-05-02,ONDS,2026-05-01,0.5578,up,0.6874,strong_up,0.7761,strong_up,0.0,0.0,,,,
2026-05-02,FUBO,2026-05-01,0.5534,up,0.4345,down,0.7467,strong_up,0.0,0.0,,,,
2026-05-02,ASTS,2026-05-01,0.5522,up,0.6258,strong_up,0.844,strong_up,0.0,0.0,,,,
2026-05-02,OPEN,2026-05-01,0.551,up,0.6126,strong_up,0.7018,strong_up,0.0,0.0,,,,
2026-05-02,NVDA,2026-05-01,0.5506,up,0.6805,strong_up,0.922,strong_up,1.0,1.0,,,,
2026-05-02,COMP,2026-05-01,0.5482,up,0.4415,down,0.8385,strong_up,0.0,0.0,,,,
2026-05-02,QUBT,2026-05-01,0.5477,up,0.7242,strong_up,0.9339,strong_up,1.0,1.0,,,,
2026-05-02,CCL,2026-05-01,0.5475,up,0.44,down,0.5625,up,0.0,0.0,,,,
2026-05-02,BTBT,2026-05-01,0.545,up,0.5953,up,0.7939,strong_up,1.0,1.0,,,,
2026-05-02,ACHR,2026-05-01,0.5435,up,0.6083,strong_up,0.7042,strong_up,0.0,0.0,,,,
2026-05-02,BFLY,2026-05-01,0.5429,up,0.598,up,0.2783,strong_down,0.0,0.0,,,,
2026-05-02,JOBY,2026-05-01,0.542,up,0.6857,strong_up,0.8475,strong_up,0.0,0.0,,,,
2026-05-02,VRT,2026-05-01,0.5378,up,0.3623,strong_down,0.805,strong_up,1.0,1.0,,,,
2026-05-02,SMR,2026-05-01,0.5289,neutral,0.5316,up,0.7822,strong_up,1.0,1.0,,,,
2026-05-02,WULF,2026-05-01,0.5269,neutral,0.4958,neutral,0.7661,strong_up,1.0,1.0,,,,
2026-05-02,KKR,2026-05-01,0.5251,neutral,0.4382,down,0.7458,strong_up,0.0,0.0,,,,
2026-05-02,CLSK,2026-05-01,0.5245,neutral,0.5704,up,0.5146,neutral,1.0,1.0,,,,
2026-05-02,CORZ,2026-05-01,0.5219,neutral,0.6235,strong_up,0.7276,strong_up,1.0,1.0,,,,
2026-05-02,TNYA,2026-05-01,0.5211,neutral,0.77,strong_up,0.9272,strong_up,1.0,1.0,,,,
2026-05-02,BBAI,2026-05-01,0.5182,neutral,0.6452,strong_up,0.8202,strong_up,1.0,1.0,,,,
2026-05-02,AVAH,2026-05-01,0.5173,neutral,0.5148,neutral,0.8182,strong_up,1.0,1.0,,,,
2026-05-02,DHC,2026-05-01,0.5119,neutral,0.4819,neutral,0.5792,up,0.0,0.0,,,,
2026-05-02,RKLB,2026-05-01,0.5118,neutral,0.7035,strong_up,0.8175,strong_up,1.0,1.0,,,,
2026-05-02,GOSS,2026-05-01,0.5077,neutral,0.2949,strong_down,0.5766,up,0.0,0.0,,,,
2026-05-02,RUN,2026-05-01,0.506,neutral,0.545,up,0.9035,strong_up,0.0,0.0,,,,
2026-05-02,MSTR,2026-05-01,0.5022,neutral,0.5977,up,0.7261,strong_up,1.0,1.0,,,,
2026-05-02,HTZ,2026-05-01,0.5017,neutral,0.431,down,0.408,down,0.0,0.0,,,,
2026-05-02,NCLH,2026-05-01,0.5014,neutral,0.3961,strong_down,0.7631,strong_up,0.0,0.0,,,,
2026-05-02,NAKA,2026-05-01,0.4988,neutral,0.6669,strong_up,0.6973,strong_up,0.0,1.0,,,,
2026-05-02,MAC,2026-05-01,0.4976,neutral,0.3369,strong_down,0.6024,strong_up,0.0,1.0,,,,
2026-05-02,RIOT,2026-05-01,0.4962,neutral,0.792,strong_up,0.9082,strong_up,1.0,0.0,,,,
2026-05-02,APLD,2026-05-01,0.4942,neutral,0.756,strong_up,0.816,strong_up,1.0,0.0,,,,
2026-05-02,BYND,2026-05-01,0.4883,neutral,0.5,neutral,0.8313,strong_up,0.0,1.0,,,,
2026-05-02,XYZ,2026-05-01,0.4844,neutral,0.528,neutral,0.8027,strong_up,1.0,0.0,,,,
2026-05-02,PACB,2026-05-01,0.4841,neutral,0.5574,up,0.5881,up,0.0,1.0,,,,
2026-05-02,CIFR,2026-05-01,0.479,neutral,0.605,strong_up,0.4918,neutral,1.0,0.0,,,,
2026-05-02,IONQ,2026-05-01,0.4751,neutral,0.6926,strong_up,0.6141,strong_up,0.0,1.0,,,,
2026-05-02,QS,2026-05-01,0.4746,neutral,0.5566,up,0.7658,strong_up,0.0,1.0,,,,
2026-05-02,NVTS,2026-05-01,0.4741,neutral,0.4916,neutral,0.1737,strong_down,0.0,1.0,,,,
2026-05-02,ABTC,2026-05-01,0.4741,neutral,0.533,up,0.5069,neutral,0.0,1.0,,,,
2026-05-02,VISN,2026-05-01,0.4741,neutral,0.5151,neutral,0.7017,strong_up,1.0,0.0,,,,
2026-05-02,ULCC,2026-05-01,0.4727,neutral,0.6078,strong_up,0.8682,strong_up,1.0,0.0,,,,
2026-05-02,MVST,2026-05-01,0.4719,neutral,0.729,strong_up,0.8408,strong_up,0.0,1.0,,,,
2026-05-02,SPY,2026-05-01,0.4672,down,0.3876,strong_down,0.9801,strong_up,0.0,1.0,,,,
2026-05-02,VG,2026-05-01,0.4659,down,0.4073,down,0.6434,strong_up,1.0,0.0,,,,
2026-05-02,ENVX,2026-05-01,0.4653,down,0.463,down,0.7841,strong_up,0.0,1.0,,,,
2026-05-02,AFRM,2026-05-01,0.4637,down,0.5334,up,0.8067,strong_up,0.0,1.0,,,,
2026-05-02,SAIL,2026-05-01,0.4537,down,0.5679,up,0.9388,strong_up,1.0,0.0,,,,
2026-05-02,MARA,2026-05-01,0.4476,down,0.569,up,0.6955,strong_up,1.0,0.0,,,,
2026-05-02,GAP,2026-05-01,0.4468,down,0.3796,strong_down,0.4518,down,0.0,1.0,,,,
2026-05-02,PTON,2026-05-01,0.4426,down,0.4534,down,0.6593,strong_up,0.0,1.0,,,,
2026-05-02,U,2026-05-01,0.4404,down,0.4338,down,0.8396,strong_up,1.0,0.0,,,,
2026-05-02,OCGN,2026-05-01,0.4355,down,0.6001,strong_up,0.6244,strong_up,1.0,0.0,,,,
2026-05-02,AMD,2026-05-01,0.4335,down,0.5988,up,0.6958,strong_up,0.0,1.0,,,,
2026-05-02,RKT,2026-05-01,0.4315,down,0.5838,up,0.9081,strong_up,0.0,1.0,,,,
2026-05-02,AUR,2026-05-01,0.4254,down,0.551,up,0.5829,up,1.0,0.0,,,,
2026-05-02,CLNE,2026-05-01,0.4179,down,0.3549,strong_down,0.5753,up,1.0,0.0,,,,
2026-05-02,FFAI,2026-05-01,0.416,down,0.4934,neutral,0.8477,strong_up,0.0,1.0,,,,
2026-05-02,CRWV,2026-05-01,0.4111,down,0.4433,down,0.6391,strong_up,1.0,0.0,,,,
2026-05-02,CCO,2026-05-01,0.4049,down,0.3157,strong_down,0.6839,strong_up,0.0,1.0,,,,
2026-05-02,APP,2026-05-01,0.4032,down,0.6917,strong_up,0.8462,strong_up,1.0,0.0,,,,
2026-05-02,DJT,2026-05-01,0.3999,strong_down,0.5447,up,0.7788,strong_up,0.0,1.0,,,,
2026-05-02,INDI,2026-05-01,0.3926,strong_down,0.5096,neutral,0.5557,up,0.0,1.0,,,,
2026-05-02,PLUG,2026-05-01,0.3855,strong_down,0.4471,down,0.5845,up,1.0,0.0,,,,
2026-05-02,NET,2026-05-01,0.3803,strong_down,0.6119,strong_up,0.8581,strong_up,1.0,0.0,,,,
2026-05-02,OLPX,2026-05-01,0.3768,strong_down,0.3668,strong_down,0.6304,strong_up,0.0,1.0,,,,
2026-05-02,CLOV,2026-05-01,0.372,strong_down,0.56,up,0.6732,strong_up,0.0,1.0,,,,
2026-05-02,BE,2026-05-01,0.3703,strong_down,0.5891,up,0.5474,up,0.0,1.0,,,,
2026-05-02,QQQ,2026-05-01,0.3536,strong_down,0.3516,strong_down,0.9614,strong_up,0.0,1.0,,,,
2026-05-04,HOOD,2026-05-01,0.6374,strong_up,0.4623,down,0.629,strong_up,1.0,1.0,,,,
2026-05-04,GPUS,2026-05-01,0.6282,strong_up,0.8461,strong_up,0.8375,strong_up,0.0,0.0,,,,
2026-05-04,UP,2026-05-01,0.6249,strong_up,0.8337,strong_up,0.4557,down,0.0,0.0,,,,
2026-05-04,SOUN,2026-05-01,0.5896,up,0.5651,up,0.9225,strong_up,0.0,0.0,,,,
2026-05-04,SOFI,2026-05-01,0.5653,up,0.6412,strong_up,0.9074,strong_up,0.0,0.0,,,,
2026-05-04,HIVE,2026-05-01,0.5617,up,0.6055,strong_up,0.6538,strong_up,1.0,1.0,,,,
2026-05-04,RIOT,2026-05-01,0.5608,up,0.7332,strong_up,0.8984,strong_up,1.0,1.0,,,,
2026-05-04,VISN,2026-05-01,0.5538,up,0.6073,strong_up,0.6426,strong_up,1.0,1.0,,,,
2026-05-04,JOBY,2026-05-01,0.553,up,0.6889,strong_up,0.7721,strong_up,0.0,0.0,,,,
2026-05-04,CG,2026-05-01,0.543,up,0.5054,neutral,0.6923,strong_up,1.0,1.0,,,,
2026-05-04,FFAI,2026-05-01,0.5284,neutral,0.6326,strong_up,0.8275,strong_up,0.0,0.0,,,,
2026-05-04,COIN,2026-05-01,0.528,neutral,0.5346,up,0.6141,strong_up,1.0,1.0,,,,
2026-05-04,BBAI,2026-05-01,0.5265,neutral,0.7208,strong_up,0.8132,strong_up,1.0,1.0,,,,
2026-05-04,QXO,2026-05-01,0.523,neutral,0.4309,down,0.6677,strong_up,0.0,0.0,,,,
2026-05-04,VIX,2026-05-01,0.5145,neutral,0.4792,neutral,0.6241,strong_up,1.0,1.0,,,,
2026-05-04,CORZ,2026-05-01,0.5125,neutral,0.6343,strong_up,0.5174,neutral,1.0,1.0,,,,
2026-05-04,CCL,2026-05-01,0.5115,neutral,0.4965,neutral,0.4316,down,0.0,0.0,,,,
2026-05-04,BTBT,2026-05-01,0.5045,neutral,0.6528,strong_up,0.7639,strong_up,1.0,1.0,,,,
2026-05-04,OPEN,2026-05-01,0.5002,neutral,0.6656,strong_up,0.717,strong_up,0.0,0.0,,,,
2026-05-04,MAC,2026-05-01,0.4992,neutral,0.3182,strong_down,0.6511,strong_up,0.0,1.0,,,,
2026-05-04,FUBO,2026-05-01,0.4991,neutral,0.4179,down,0.7506,strong_up,0.0,1.0,,,,
2026-05-04,BFLY,2026-05-01,0.4883,neutral,0.5343,up,0.2516,strong_down,0.0,1.0,,,,
2026-05-04,QUBT,2026-05-01,0.4867,neutral,0.7383,strong_up,0.9311,strong_up,1.0,0.0,,,,
2026-05-04,TNYA,2026-05-01,0.4866,neutral,0.7334,strong_up,0.9485,strong_up,1.0,0.0,,,,
2026-05-04,WULF,2026-05-01,0.4849,neutral,0.5515,up,0.7411,strong_up,1.0,0.0,,,,
2026-05-04,RUN,2026-05-01,0.4819,neutral,0.4686,down,0.9172,strong_up,0.0,1.0,,,,
2026-05-04,CCO,2026-05-01,0.4794,neutral,0.2803,strong_down,0.7102,strong_up,0.0,1.0,,,,
2026-05-04,GETY,2026-05-01,0.4746,neutral,0.5162,neutral,0.6202,strong_up,0.0,1.0,,,,
2026-05-04,ASTS,2026-05-01,0.4717,neutral,0.6207,strong_up,0.8059,strong_up,0.0,1.0,,,,
2026-05-04,XYZ,2026-05-01,0.4714,neutral,0.4127,down,0.8102,strong_up,1.0,0.0,,,,
2026-05-04,ENVX,2026-05-01,0.469,down,0.4604,down,0.7534,strong_up,0.0,1.0,,,,
2026-05-04,ONDS,2026-05-01,0.4668,down,0.6702,strong_up,0.8123,strong_up,0.0,1.0,,,,
2026-05-04,APLD,2026-05-01,0.4664,down,0.7167,strong_up,0.7507,strong_up,1.0,0.0,,,,
2026-05-04,ACHR,2026-05-01,0.4655,down,0.6658,strong_up,0.6902,strong_up,0.0,1.0,,,,
2026-05-04,HIMS,2026-05-01,0.4645,down,0.6217,strong_up,0.6026,strong_up,0.0,1.0,,,,
2026-05-04,NCLH,2026-05-01,0.4639,down,0.3418,strong_down,0.7809,strong_up,0.0,1.0,,,,
2026-05-04,RKLB,2026-05-01,0.4629,down,0.6663,strong_up,0.8161,strong_up,1.0,0.0,,,,
2026-05-04,OLPX,2026-05-01,0.4599,down,0.3231,strong_down,0.5428,up,0.0,1.0,,,,
2026-05-04,AUR,2026-05-01,0.4546,down,0.5743,up,0.4757,neutral,1.0,0.0,,,,
2026-05-04,EOSE,2026-05-01,0.4508,down,0.6009,strong_up,0.7344,strong_up,0.0,1.0,,,,
2026-05-04,COMP,2026-05-01,0.4422,down,0.4084,down,0.8151,strong_up,0.0,1.0,,,,
2026-05-04,CIFR,2026-05-01,0.4422,down,0.619,strong_up,0.5688,up,1.0,0.0,,,,
2026-05-04,AVAH,2026-05-01,0.4407,down,0.5247,neutral,0.8168,strong_up,1.0,0.0,,,,
2026-05-04,RKT,2026-05-01,0.4374,down,0.513,neutral,0.918,strong_up,0.0,1.0,,,,
2026-05-04,DJT,2026-05-01,0.4373,down,0.5192,neutral,0.6136,strong_up,0.0,1.0,,,,
2026-05-04,AFRM,2026-05-01,0.4363,down,0.5651,up,0.7814,strong_up,0.0,1.0,,,,
2026-05-04,GAP,2026-05-01,0.4361,down,0.386,strong_down,0.4729,neutral,0.0,1.0,,,,
2026-05-04,APP,2026-05-01,0.4358,down,0.7783,strong_up,0.9089,strong_up,1.0,0.0,,,,
2026-05-04,DHC,2026-05-01,0.4337,down,0.4547,down,0.6461,strong_up,0.0,1.0,,,,
2026-05-04,MVST,2026-05-01,0.4306,down,0.743,strong_up,0.7788,strong_up,0.0,1.0,,,,
2026-05-04,BYND,2026-05-01,0.4284,down,0.5817,up,0.6507,strong_up,0.0,1.0,,,,
2026-05-04,KKR,2026-05-01,0.4231,down,0.3952,strong_down,0.6831,strong_up,0.0,1.0,,,,
2026-05-04,U,2026-05-01,0.419,down,0.4194,down,0.8569,strong_up,1.0,0.0,,,,
2026-05-04,SAIL,2026-05-01,0.4183,down,0.4836,neutral,0.9385,strong_up,1.0,0.0,,,,
2026-05-04,QS,2026-05-01,0.4171,down,0.6067,strong_up,0.813,strong_up,0.0,1.0,,,,
2026-05-04,NVDA,2026-05-01,0.4158,down,0.6208,strong_up,0.9072,strong_up,1.0,0.0,,,,
2026-05-04,IONQ,2026-05-01,0.4155,down,0.7506,strong_up,0.5477,up,0.0,1.0,,,,
2026-05-04,SMR,2026-05-01,0.4068,down,0.4263,down,0.855,strong_up,1.0,0.0,,,,
2026-05-04,GOSS,2026-05-01,0.3992,strong_down,0.5643,up,0.5201,neutral,0.0,1.0,,,,
2026-05-04,PACB,2026-05-01,0.3982,strong_down,0.4435,down,0.6242,strong_up,0.0,1.0,,,,
2026-05-04,HTZ,2026-05-01,0.397,strong_down,0.4605,down,0.3907,strong_down,0.0,1.0,,,,
2026-05-04,MSTR,2026-05-01,0.3962,strong_down,0.6225,strong_up,0.7023,strong_up,1.0,0.0,,,,
2026-05-04,NAKA,2026-05-01,0.3956,strong_down,0.7342,strong_up,0.6129,strong_up,0.0,1.0,,,,
2026-05-04,CLSK,2026-05-01,0.3944,strong_down,0.4109,down,0.4479,down,1.0,0.0,,,,
2026-05-04,OCGN,2026-05-01,0.3931,strong_down,0.5565,up,0.7171,strong_up,1.0,0.0,,,,
2026-05-04,NVTS,2026-05-01,0.392,strong_down,0.6038,strong_up,0.1799,strong_down,0.0,1.0,,,,
2026-05-04,ULCC,2026-05-01,0.3917,strong_down,0.594,up,0.8115,strong_up,1.0,0.0,,,,
2026-05-04,AMD,2026-05-01,0.3902,strong_down,0.525,neutral,0.6163,strong_up,0.0,1.0,,,,
2026-05-04,VRT,2026-05-01,0.3886,strong_down,0.2304,strong_down,0.637,strong_up,1.0,0.0,,,,
2026-05-04,SPY,2026-05-01,0.3866,strong_down,0.3083,strong_down,0.9672,strong_up,0.0,1.0,,,,
2026-05-04,CLNE,2026-05-01,0.3725,strong_down,0.3173,strong_down,0.591,up,1.0,0.0,,,,
2026-05-04,PTON,2026-05-01,0.3716,strong_down,0.4852,neutral,0.598,up,0.0,1.0,,,,
2026-05-04,ABTC,2026-05-01,0.3713,strong_down,0.6291,strong_up,0.7093,strong_up,0.0,1.0,,,,
2026-05-04,INDI,2026-05-01,0.3563,strong_down,0.4324,down,0.4891,neutral,0.0,1.0,,,,
2026-05-04,MARA,2026-05-01,0.3543,strong_down,0.5046,neutral,0.7503,strong_up,1.0,0.0,,,,
2026-05-04,NET,2026-05-01,0.3537,strong_down,0.6061,strong_up,0.882,strong_up,1.0,0.0,,,,
2026-05-04,CRWV,2026-05-01,0.3494,strong_down,0.5109,neutral,0.686,strong_up,1.0,0.0,,,,
2026-05-04,PLUG,2026-05-01,0.3374,strong_down,0.5468,up,0.7102,strong_up,1.0,0.0,,,,
2026-05-04,BE,2026-05-01,0.3179,strong_down,0.5102,neutral,0.5851,up,0.0,1.0,,,,
2026-05-04,CLOV,2026-05-01,0.3112,strong_down,0.5201,neutral,0.6834,strong_up,0.0,1.0,,,,
2026-05-04,VG,2026-05-01,0.2919,strong_down,0.2959,strong_down,0.5899,up,1.0,0.0,,,,
2026-05-04,QQQ,2026-05-01,0.28,strong_down,0.2386,strong_down,0.9663,strong_up,0.0,1.0,,,,
2026-05-05,UP,2026-05-04,0.5737,up,0.8889,strong_up,0.61,strong_up,1.0,1.0,,,,
2026-05-05,RKLB,2026-05-04,0.5554,up,0.7404,strong_up,0.8047,strong_up,0.0,0.0,,,,
2026-05-05,CIFR,2026-05-04,0.5422,up,0.6814,strong_up,0.4934,neutral,1.0,1.0,,,,
2026-05-05,TNYA,2026-05-04,0.5129,neutral,0.7661,strong_up,0.8425,strong_up,0.0,0.0,,,,
2026-05-05,SOFI,2026-05-04,0.4985,neutral,0.7294,strong_up,0.9381,strong_up,0.0,1.0,,,,
2026-05-05,ONDS,2026-05-04,0.4954,neutral,0.7186,strong_up,0.8381,strong_up,0.0,1.0,,,,
2026-05-05,ASTS,2026-05-04,0.4933,neutral,0.6742,strong_up,0.8731,strong_up,0.0,1.0,,,,
2026-05-05,CRWV,2026-05-04,0.4866,neutral,0.6063,strong_up,0.6292,strong_up,1.0,0.0,,,,
2026-05-05,NVDA,2026-05-04,0.4857,neutral,0.7148,strong_up,0.9519,strong_up,0.0,1.0,,,,
2026-05-05,RIOT,2026-05-04,0.4845,neutral,0.7416,strong_up,0.8967,strong_up,1.0,0.0,,,,
2026-05-05,COIN,2026-05-04,0.4826,neutral,0.6623,strong_up,0.6528,strong_up,0.0,1.0,,,,
2026-05-05,XYZ,2026-05-04,0.4814,neutral,0.5239,neutral,0.79,strong_up,0.0,1.0,,,,
2026-05-05,JOBY,2026-05-04,0.4801,neutral,0.7589,strong_up,0.7962,strong_up,0.0,1.0,,,,
2026-05-05,CG,2026-05-04,0.4752,neutral,0.634,strong_up,0.6944,strong_up,1.0,0.0,,,,
2026-05-05,MARA,2026-05-04,0.4752,neutral,0.5535,up,0.8155,strong_up,1.0,0.0,,,,
2026-05-05,OPEN,2026-05-04,0.4701,neutral,0.8392,strong_up,0.7595,strong_up,1.0,0.0,,,,
2026-05-05,GPUS,2026-05-04,0.4692,down,0.897,strong_up,0.9331,strong_up,0.0,1.0,,,,
2026-05-05,ACHR,2026-05-04,0.465,down,0.7076,strong_up,0.7215,strong_up,1.0,0.0,,,,
2026-05-05,BYND,2026-05-04,0.4603,down,0.4341,down,0.8569,strong_up,0.0,1.0,,,,
2026-05-05,CORZ,2026-05-04,0.4578,down,0.7477,strong_up,0.6383,strong_up,1.0,0.0,,,,
2026-05-05,QXO,2026-05-04,0.4562,down,0.484,neutral,0.6688,strong_up,0.0,1.0,,,,
2026-05-05,HOOD,2026-05-04,0.4561,down,0.6041,strong_up,0.8443,strong_up,1.0,0.0,,,,
2026-05-05,OCGN,2026-05-04,0.4519,down,0.6783,strong_up,0.6615,strong_up,0.0,1.0,,,,
2026-05-05,SMR,2026-05-04,0.4485,down,0.5476,up,0.8011,strong_up,0.0,1.0,,,,
2026-05-05,CLSK,2026-05-04,0.4477,down,0.5217,neutral,0.3986,strong_down,1.0,0.0,,,,
2026-05-05,EOSE,2026-05-04,0.4422,down,0.7086,strong_up,0.7565,strong_up,0.0,1.0,,,,
2026-05-05,HIMS,2026-05-04,0.4392,down,0.691,strong_up,0.5705,up,0.0,1.0,,,,
2026-05-05,BTBT,2026-05-04,0.4361,down,0.6933,strong_up,0.7005,strong_up,1.0,0.0,,,,
2026-05-05,SAIL,2026-05-04,0.4345,down,0.6761,strong_up,0.9154,strong_up,0.0,1.0,,,,
2026-05-05,APLD,2026-05-04,0.4334,down,0.7153,strong_up,0.6621,strong_up,1.0,0.0,,,,
2026-05-05,QUBT,2026-05-04,0.4266,down,0.7619,strong_up,0.9487,strong_up,1.0,0.0,,,,
2026-05-05,CCL,2026-05-04,0.4261,down,0.4985,neutral,0.5227,neutral,1.0,0.0,,,,
2026-05-05,DJT,2026-05-04,0.4232,down,0.6846,strong_up,0.7036,strong_up,0.0,1.0,,,,
2026-05-05,AVAH,2026-05-04,0.421,down,0.6762,strong_up,0.7664,strong_up,0.0,1.0,,,,
2026-05-05,SOUN,2026-05-04,0.4198,down,0.6654,strong_up,0.9274,strong_up,0.0,1.0,,,,
2026-05-05,BFLY,2026-05-04,0.4139,down,0.562,up,0.2828,strong_down,0.0,1.0,,,,
2026-05-05,GOSS,2026-05-04,0.4093,down,0.5338,up,0.5451,up,0.0,1.0,,,,
2026-05-05,ABTC,2026-05-04,0.4093,down,0.5919,up,0.6846,strong_up,1.0,0.0,,,,
2026-05-05,APP,2026-05-04,0.4084,down,0.8223,strong_up,0.8483,strong_up,1.0,0.0,,,,
2026-05-05,MSTR,2026-05-04,0.407,down,0.5899,up,0.7309,strong_up,1.0,0.0,,,,
2026-05-05,VIX,2026-05-04,0.4067,down,0.4993,neutral,0.3772,strong_down,0.0,1.0,,,,
2026-05-05,COMP,2026-05-04,0.4061,down,0.6055,strong_up,0.7454,strong_up,1.0,0.0,,,,
2026-05-05,GAP,2026-05-04,0.4027,down,0.4226,down,0.2075,strong_down,0.0,1.0,,,,
2026-05-05,GETY,2026-05-04,0.3907,strong_down,0.5912,up,0.4653,down,0.0,1.0,,,,
2026-05-05,IONQ,2026-05-04,0.3903,strong_down,0.6953,strong_up,0.618,strong_up,1.0,0.0,,,,
2026-05-05,AFRM,2026-05-04,0.39,strong_down,0.6784,strong_up,0.7758,strong_up,0.0,1.0,,,,
2026-05-05,FFAI,2026-05-04,0.3847,strong_down,0.5103,neutral,0.8963,strong_up,0.0,1.0,,,,
2026-05-05,HIVE,2026-05-04,0.3838,strong_down,0.7193,strong_up,0.5933,up,1.0,0.0,,,,
2026-05-05,VISN,2026-05-04,0.3827,strong_down,0.6455,strong_up,0.7171,strong_up,0.0,1.0,,,,
2026-05-05,PTON,2026-05-04,0.3777,strong_down,0.6513,strong_up,0.5336,up,1.0,0.0,,,,
2026-05-05,CLNE,2026-05-04,0.3767,strong_down,0.5571,up,0.616,strong_up,0.0,1.0,,,,
2026-05-05,ENVX,2026-05-04,0.3757,strong_down,0.5989,up,0.7381,strong_up,1.0,0.0,,,,
2026-05-05,MVST,2026-05-04,0.3732,strong_down,0.6914,strong_up,0.7544,strong_up,1.0,0.0,,,,
2026-05-05,NVTS,2026-05-04,0.3731,strong_down,0.557,up,0.2486,strong_down,1.0,0.0,,,,
2026-05-05,BBAI,2026-05-04,0.3728,strong_down,0.6615,strong_up,0.8554,strong_up,0.0,1.0,,,,
2026-05-05,NET,2026-05-04,0.3678,strong_down,0.6942,strong_up,0.8446,strong_up,1.0,0.0,,,,
2026-05-05,OLPX,2026-05-04,0.3671,strong_down,0.4023,down,0.5869,up,1.0,0.0,,,,
2026-05-05,MAC,2026-05-04,0.3646,strong_down,0.5157,neutral,0.602,strong_up,0.0,1.0,,,,
2026-05-05,INDI,2026-05-04,0.3628,strong_down,0.5303,up,0.5342,up,1.0,0.0,,,,
2026-05-05,AUR,2026-05-04,0.3612,strong_down,0.4346,down,0.4936,neutral,1.0,0.0,,,,
2026-05-05,SPY,2026-05-04,0.3606,strong_down,0.6951,strong_up,0.9664,strong_up,1.0,0.0,,,,
2026-05-05,RKT,2026-05-04,0.3577,strong_down,0.6441,strong_up,0.8385,strong_up,1.0,0.0,,,,
2026-05-05,CCO,2026-05-04,0.3553,strong_down,0.3324,strong_down,0.5722,up,0.0,1.0,,,,
2026-05-05,KKR,2026-05-04,0.354,strong_down,0.5874,up,0.6955,strong_up,0.0,1.0,,,,
2026-05-05,WULF,2026-05-04,0.3532,strong_down,0.5862,up,0.7547,strong_up,1.0,0.0,,,,
2026-05-05,DHC,2026-05-04,0.3489,strong_down,0.4335,down,0.6065,strong_up,1.0,0.0,,,,
2026-05-05,U,2026-05-04,0.348,strong_down,0.5446,up,0.8067,strong_up,0.0,1.0,,,,
2026-05-05,RUN,2026-05-04,0.341,strong_down,0.6414,strong_up,0.8756,strong_up,1.0,0.0,,,,
2026-05-05,NAKA,2026-05-04,0.3363,strong_down,0.7555,strong_up,0.4626,down,1.0,0.0,,,,
2026-05-05,VRT,2026-05-04,0.3321,strong_down,0.4993,neutral,0.8503,strong_up,1.0,0.0,,,,
2026-05-05,FUBO,2026-05-04,0.3245,strong_down,0.4998,neutral,0.7108,strong_up,0.0,1.0,,,,
2026-05-05,HTZ,2026-05-04,0.3224,strong_down,0.5067,neutral,0.4752,neutral,1.0,0.0,,,,
2026-05-05,PACB,2026-05-04,0.3194,strong_down,0.6318,strong_up,0.5801,up,1.0,0.0,,,,
2026-05-05,NCLH,2026-05-04,0.314,strong_down,0.3729,strong_down,0.6709,strong_up,0.0,1.0,,,,
2026-05-05,QS,2026-05-04,0.3116,strong_down,0.6251,strong_up,0.8104,strong_up,1.0,0.0,,,,
2026-05-05,ULCC,2026-05-04,0.3001,strong_down,0.6447,strong_up,0.8322,strong_up,1.0,0.0,,,,
2026-05-05,AMD,2026-05-04,0.2947,strong_down,0.6712,strong_up,0.6868,strong_up,1.0,0.0,,,,
2026-05-05,BE,2026-05-04,0.284,strong_down,0.4869,neutral,0.3782,strong_down,1.0,0.0,,,,
2026-05-05,QQQ,2026-05-04,0.2823,strong_down,0.5655,up,0.968,strong_up,1.0,0.0,,,,
2026-05-05,PLUG,2026-05-04,0.2666,strong_down,0.5778,up,0.5176,neutral,1.0,0.0,,,,
2026-05-05,CLOV,2026-05-04,0.2434,strong_down,0.605,strong_up,0.5868,up,0.0,1.0,,,,
2026-05-05,VG,2026-05-04,0.2234,strong_down,0.4394,down,0.4424,down,0.0,1.0,,,,
2026-05-06,OCGN,2026-05-05,0.835,strong_up,0.4679,down,0.7947,strong_up,0.0,0.0,,,,
2026-05-06,ASTS,2026-05-05,0.7692,strong_up,0.5854,up,0.8615,strong_up,1.0,1.0,,,,
2026-05-06,SOFI,2026-05-05,0.738,strong_up,0.6773,strong_up,0.9167,strong_up,1.0,1.0,,,,
2026-05-06,JOBY,2026-05-05,0.7321,strong_up,0.5534,up,0.785,strong_up,1.0,1.0,,,,
2026-05-06,APLD,2026-05-05,0.7319,strong_up,0.581,up,0.7671,strong_up,1.0,1.0,,,,
2026-05-06,NET,2026-05-05,0.7208,strong_up,0.7374,strong_up,0.865,strong_up,1.0,1.0,,,,
2026-05-06,EOSE,2026-05-05,0.7121,strong_up,0.6265,strong_up,0.6744,strong_up,1.0,1.0,,,,
2026-05-06,NCLH,2026-05-05,0.7081,strong_up,0.4876,neutral,0.6406,strong_up,1.0,1.0,,,,
2026-05-06,RIOT,2026-05-05,0.6885,strong_up,0.7222,strong_up,0.869,strong_up,1.0,1.0,,,,
2026-05-06,HOOD,2026-05-05,0.6872,strong_up,0.5701,up,0.8239,strong_up,1.0,1.0,,,,
2026-05-06,RKT,2026-05-05,0.6817,strong_up,0.5785,up,0.8999,strong_up,1.0,1.0,,,,
2026-05-06,BFLY,2026-05-05,0.6781,strong_up,0.3725,strong_down,0.3774,strong_down,0.0,0.0,,,,
2026-05-06,GPUS,2026-05-05,0.6757,strong_up,0.7583,strong_up,0.9444,strong_up,0.0,0.0,,,,
2026-05-06,HIMS,2026-05-05,0.6745,strong_up,0.4296,down,0.5936,up,1.0,1.0,,,,
2026-05-06,COMP,2026-05-05,0.6689,strong_up,0.4772,neutral,0.7403,strong_up,1.0,1.0,,,,
2026-05-06,CCL,2026-05-05,0.6679,strong_up,0.4678,down,0.4699,down,1.0,1.0,,,,
2026-05-06,COIN,2026-05-05,0.6564,strong_up,0.6737,strong_up,0.7443,strong_up,1.0,1.0,,,,
2026-05-06,SMR,2026-05-05,0.6504,strong_up,0.4529,down,0.7311,strong_up,1.0,1.0,,,,
2026-05-06,RUN,2026-05-05,0.6495,strong_up,0.5543,up,0.9168,strong_up,0.0,0.0,,,,
2026-05-06,ONDS,2026-05-05,0.6461,strong_up,0.4621,down,0.8193,strong_up,1.0,1.0,,,,
2026-05-06,RKLB,2026-05-05,0.6444,strong_up,0.6067,strong_up,0.7489,strong_up,1.0,1.0,,,,
2026-05-06,CG,2026-05-05,0.644,strong_up,0.559,up,0.6867,strong_up,0.0,0.0,,,,
2026-05-06,WULF,2026-05-05,0.6429,strong_up,0.5533,up,0.8331,strong_up,1.0,1.0,,,,
2026-05-06,QUBT,2026-05-05,0.6425,strong_up,0.7265,strong_up,0.9246,strong_up,1.0,1.0,,,,
2026-05-06,FUBO,2026-05-05,0.6377,strong_up,0.4297,down,0.823,strong_up,0.0,0.0,,,,
2026-05-06,GAP,2026-05-05,0.6323,strong_up,0.3792,strong_down,0.2642,strong_down,1.0,1.0,,,,
2026-05-06,CLSK,2026-05-05,0.6313,strong_up,0.3743,strong_down,0.342,strong_down,1.0,1.0,,,,
2026-05-06,AVAH,2026-05-05,0.6274,strong_up,0.4653,down,0.7477,strong_up,1.0,1.0,,,,
2026-05-06,HTZ,2026-05-05,0.6266,strong_up,0.3731,strong_down,0.3743,strong_down,1.0,1.0,,,,
2026-05-06,TNYA,2026-05-05,0.6266,strong_up,0.7249,strong_up,0.9679,strong_up,1.0,1.0,,,,
2026-05-06,NAKA,2026-05-05,0.6249,strong_up,0.6226,strong_up,0.5404,up,0.0,0.0,,,,
2026-05-06,PACB,2026-05-05,0.6187,strong_up,0.4361,down,0.6985,strong_up,1.0,1.0,,,,
2026-05-06,GETY,2026-05-05,0.6141,strong_up,0.4165,down,0.5785,up,1.0,1.0,,,,
2026-05-06,ACHR,2026-05-05,0.6134,strong_up,0.6241,strong_up,0.6137,strong_up,1.0,1.0,,,,
2026-05-06,XYZ,2026-05-05,0.6055,strong_up,0.5828,up,0.8147,strong_up,0.0,0.0,,,,
2026-05-06,KKR,2026-05-05,0.6038,strong_up,0.4693,down,0.621,strong_up,0.0,0.0,,,,
2026-05-06,IONQ,2026-05-05,0.6037,strong_up,0.6697,strong_up,0.5338,up,1.0,1.0,,,,
2026-05-06,HIVE,2026-05-05,0.6013,strong_up,0.5893,up,0.6128,strong_up,1.0,1.0,,,,
2026-05-06,MARA,2026-05-05,0.5942,up,0.5287,neutral,0.5919,up,1.0,1.0,,,,
2026-05-06,MVST,2026-05-05,0.5906,up,0.675,strong_up,0.7781,strong_up,1.0,1.0,,,,
2026-05-06,MSTR,2026-05-05,0.5905,up,0.5051,neutral,0.6041,strong_up,0.0,0.0,,,,
2026-05-06,CORZ,2026-05-05,0.5884,up,0.6383,strong_up,0.7423,strong_up,1.0,1.0,,,,
2026-05-06,NVDA,2026-05-05,0.5882,up,0.6112,strong_up,0.9297,strong_up,1.0,1.0,,,,
2026-05-06,CIFR,2026-05-05,0.5855,up,0.6169,strong_up,0.5412,up,0.0,0.0,,,,
2026-05-06,APP,2026-05-05,0.582,up,0.7777,strong_up,0.9158,strong_up,0.0,0.0,,,,
2026-05-06,OPEN,2026-05-05,0.5778,up,0.6851,strong_up,0.8662,strong_up,1.0,1.0,,,,
2026-05-06,BTBT,2026-05-05,0.577,up,0.6371,strong_up,0.782,strong_up,1.0,1.0,,,,
2026-05-06,NVTS,2026-05-05,0.576,up,0.4453,down,0.2923,strong_down,0.0,0.0,,,,
2026-05-06,DJT,2026-05-05,0.5743,up,0.5344,up,0.5788,up,0.0,0.0,,,,
2026-05-06,SPY,2026-05-05,0.5709,up,0.4501,down,0.9521,strong_up,1.0,1.0,,,,
2026-05-06,VRT,2026-05-05,0.5653,up,0.3359,strong_down,0.7033,strong_up,1.0,1.0,,,,
2026-05-06,PTON,2026-05-05,0.552,up,0.465,down,0.6423,strong_up,1.0,1.0,,,,
2026-05-06,SOUN,2026-05-05,0.547,up,0.6603,strong_up,0.9011,strong_up,1.0,1.0,,,,
2026-05-06,BBAI,2026-05-05,0.5469,up,0.616,strong_up,0.8553,strong_up,1.0,1.0,,,,
2026-05-06,SAIL,2026-05-05,0.5446,up,0.5513,up,0.9136,strong_up,0.0,0.0,,,,
2026-05-06,VISN,2026-05-05,0.5439,up,0.5694,up,0.7397,strong_up,0.0,0.0,,,,
2026-05-06,QXO,2026-05-05,0.5395,up,0.5003,neutral,0.7169,strong_up,1.0,1.0,,,,
2026-05-06,INDI,2026-05-05,0.5339,up,0.4788,neutral,0.4728,neutral,0.0,0.0,,,,
2026-05-06,ABTC,2026-05-05,0.5307,up,0.499,neutral,0.6593,strong_up,1.0,1.0,,,,
2026-05-06,AFRM,2026-05-05,0.5297,neutral,0.6123,strong_up,0.7584,strong_up,0.0,0.0,,,,
2026-05-06,AUR,2026-05-05,0.5271,neutral,0.444,down,0.5101,neutral,1.0,1.0,,,,
2026-05-06,FFAI,2026-05-05,0.5241,neutral,0.6539,strong_up,0.9137,strong_up,1.0,1.0,,,,
2026-05-06,MAC,2026-05-05,0.5188,neutral,0.3262,strong_down,0.4782,neutral,1.0,1.0,,,,
2026-05-06,QS,2026-05-05,0.5186,neutral,0.5211,neutral,0.7892,strong_up,1.0,1.0,,,,
2026-05-06,CRWV,2026-05-05,0.5158,neutral,0.495,neutral,0.6369,strong_up,1.0,1.0,,,,
2026-05-06,GOSS,2026-05-05,0.5129,neutral,0.4412,down,0.597,up,1.0,1.0,,,,
2026-05-06,CLOV,2026-05-05,0.504,neutral,0.5061,neutral,0.5347,up,1.0,1.0,,,,
2026-05-06,BYND,2026-05-05,0.5008,neutral,0.5159,neutral,0.7948,strong_up,1.0,1.0,,,,
2026-05-06,U,2026-05-05,0.4963,neutral,0.4883,neutral,0.7497,strong_up,0.0,1.0,,,,
2026-05-06,ULCC,2026-05-05,0.4953,neutral,0.4799,neutral,0.8002,strong_up,1.0,0.0,,,,
2026-05-06,VIX,2026-05-05,0.4946,neutral,0.3141,strong_down,0.6893,strong_up,1.0,0.0,,,,
2026-05-06,AMD,2026-05-05,0.4777,neutral,0.5662,up,0.5774,up,1.0,0.0,,,,
2026-05-06,ENVX,2026-05-05,0.4661,down,0.5464,up,0.5868,up,0.0,1.0,,,,
2026-05-06,CCO,2026-05-05,0.4425,down,0.2991,strong_down,0.6988,strong_up,0.0,1.0,,,,
2026-05-06,VG,2026-05-05,0.4381,down,0.2203,strong_down,0.6495,strong_up,0.0,1.0,,,,
2026-05-06,QQQ,2026-05-05,0.4353,down,0.3169,strong_down,0.9523,strong_up,1.0,0.0,,,,
2026-05-06,OLPX,2026-05-05,0.4269,down,0.3672,strong_down,0.5344,up,1.0,0.0,,,,
2026-05-06,CLNE,2026-05-05,0.4246,down,0.3803,strong_down,0.5618,up,0.0,1.0,,,,
2026-05-06,PLUG,2026-05-05,0.4077,down,0.589,up,0.6574,strong_up,0.0,1.0,,,,
2026-05-06,DHC,2026-05-05,0.3336,strong_down,0.349,strong_down,0.6145,strong_up,1.0,0.0,,,,
2026-05-06,UP,2026-05-05,0.31,strong_down,0.4097,down,0.4819,neutral,0.0,1.0,,,,
2026-05-06,BE,2026-05-05,0.2992,strong_down,0.3329,strong_down,0.3063,strong_down,0.0,1.0,,,,
2026-05-07,GPUS,2026-05-06,0.6974,strong_up,0.7552,strong_up,0.9719,strong_up,,,,,,
2026-05-07,RIOT,2026-05-06,0.6633,strong_up,0.6716,strong_up,0.7661,strong_up,,,,,,
2026-05-07,FUBO,2026-05-06,0.5516,up,0.3177,strong_down,0.8733,strong_up,,,,,,
2026-05-07,SAIL,2026-05-06,0.5427,up,0.5225,neutral,0.9399,strong_up,,,,,,
2026-05-07,NET,2026-05-06,0.533,up,0.4959,neutral,0.6663,strong_up,,,,,,
2026-05-07,TNYA,2026-05-06,0.5225,neutral,0.5551,up,0.9577,strong_up,,,,,,
2026-05-07,OCGN,2026-05-06,0.5105,neutral,0.236,strong_down,0.6698,strong_up,,,,,,
2026-05-07,ONDS,2026-05-06,0.5055,neutral,0.3365,strong_down,0.7821,strong_up,,,,,,
2026-05-07,AUR,2026-05-06,0.4965,neutral,0.2845,strong_down,0.4251,down,,,,,,
2026-05-07,MVST,2026-05-06,0.485,neutral,0.35,strong_down,0.8043,strong_up,,,,,,
2026-05-07,ACHR,2026-05-06,0.4815,neutral,0.5415,up,0.6725,strong_up,,,,,,
2026-05-07,CIFR,2026-05-06,0.4786,neutral,0.5559,up,0.5673,up,,,,,,
2026-05-07,HIVE,2026-05-06,0.4748,neutral,0.5826,up,0.6604,strong_up,,,,,,
2026-05-07,CLNE,2026-05-06,0.4706,neutral,0.32,strong_down,0.3861,strong_down,,,,,,
2026-05-07,ENVX,2026-05-06,0.4655,down,0.2817,strong_down,0.7062,strong_up,,,,,,
2026-05-07,RUN,2026-05-06,0.4621,down,0.5528,up,0.913,strong_up,,,,,,
2026-05-07,U,2026-05-06,0.4592,down,0.3873,strong_down,0.8023,strong_up,,,,,,
2026-05-07,DHC,2026-05-06,0.4553,down,0.2424,strong_down,0.6586,strong_up,,,,,,
2026-05-07,DJT,2026-05-06,0.4502,down,0.4315,down,0.5135,neutral,,,,,,
2026-05-07,BYND,2026-05-06,0.4381,down,0.2085,strong_down,0.6757,strong_up,,,,,,
2026-05-07,BBAI,2026-05-06,0.4374,down,0.3468,strong_down,0.7779,strong_up,,,,,,
2026-05-07,CCO,2026-05-06,0.4263,down,0.2159,strong_down,0.4766,neutral,,,,,,
2026-05-07,SOFI,2026-05-06,0.4236,down,0.4628,down,0.9289,strong_up,,,,,,
2026-05-07,IONQ,2026-05-06,0.4192,down,0.4572,down,0.668,strong_up,,,,,,
2026-05-07,CCL,2026-05-06,0.4189,down,0.3903,strong_down,0.7262,strong_up,,,,,,
2026-05-07,MSTR,2026-05-06,0.4173,down,0.4229,down,0.5245,neutral,,,,,,
2026-05-07,GOSS,2026-05-06,0.4173,down,0.4597,down,0.5367,up,,,,,,
2026-05-07,XYZ,2026-05-06,0.4169,down,0.3471,strong_down,0.8099,strong_up,,,,,,
2026-05-07,SOUN,2026-05-06,0.4148,down,0.3239,strong_down,0.8808,strong_up,,,,,,
2026-05-07,COIN,2026-05-06,0.4146,down,0.5556,up,0.7137,strong_up,,,,,,
2026-05-07,UP,2026-05-06,0.4093,down,0.4264,down,0.838,strong_up,,,,,,
2026-05-07,AVAH,2026-05-06,0.4093,down,0.4978,neutral,0.7112,strong_up,,,,,,
2026-05-07,QUBT,2026-05-06,0.4072,down,0.4795,neutral,0.8878,strong_up,,,,,,
2026-05-07,GETY,2026-05-06,0.4013,down,0.3484,strong_down,0.5123,neutral,,,,,,
2026-05-07,CORZ,2026-05-06,0.4001,down,0.5419,up,0.7275,strong_up,,,,,,
2026-05-07,COMP,2026-05-06,0.3981,strong_down,0.477,neutral,0.6236,strong_up,,,,,,
2026-05-07,APP,2026-05-06,0.3971,strong_down,0.7391,strong_up,0.8495,strong_up,,,,,,
2026-05-07,NAKA,2026-05-06,0.3964,strong_down,0.5125,neutral,0.4497,down,,,,,,
2026-05-07,VG,2026-05-06,0.3959,strong_down,0.3248,strong_down,0.6014,strong_up,,,,,,
2026-05-07,BTBT,2026-05-06,0.3947,strong_down,0.5019,neutral,0.603,strong_up,,,,,,
2026-05-07,HOOD,2026-05-06,0.3904,strong_down,0.3349,strong_down,0.8752,strong_up,,,,,,
2026-05-07,FFAI,2026-05-06,0.3878,strong_down,0.4985,neutral,0.938,strong_up,,,,,,
2026-05-07,QS,2026-05-06,0.3856,strong_down,0.2969,strong_down,0.4872,neutral,,,,,,
2026-05-07,WULF,2026-05-06,0.3822,strong_down,0.5695,up,0.6941,strong_up,,,,,,
2026-05-07,KKR,2026-05-06,0.382,strong_down,0.4229,down,0.7488,strong_up,,,,,,
2026-05-07,APLD,2026-05-06,0.3811,strong_down,0.6158,strong_up,0.7245,strong_up,,,,,,
2026-05-07,HIMS,2026-05-06,0.3798,strong_down,0.3037,strong_down,0.603,strong_up,,,,,,
2026-05-07,ULCC,2026-05-06,0.3785,strong_down,0.4297,down,0.7557,strong_up,,,,,,
2026-05-07,ABTC,2026-05-06,0.3766,strong_down,0.3749,strong_down,0.6998,strong_up,,,,,,
2026-05-07,OPEN,2026-05-06,0.3724,strong_down,0.4719,neutral,0.5973,up,,,,,,
2026-05-07,VIX,2026-05-06,0.3713,strong_down,0.2339,strong_down,0.758,strong_up,,,,,,
2026-05-07,CG,2026-05-06,0.3707,strong_down,0.496,neutral,0.7637,strong_up,,,,,,
2026-05-07,PACB,2026-05-06,0.3679,strong_down,0.4408,down,0.5151,neutral,,,,,,
2026-05-07,QXO,2026-05-06,0.3631,strong_down,0.3608,strong_down,0.5782,up,,,,,,
2026-05-07,AFRM,2026-05-06,0.3519,strong_down,0.4202,down,0.7103,strong_up,,,,,,
2026-05-07,VRT,2026-05-06,0.3515,strong_down,0.3105,strong_down,0.4729,neutral,,,,,,
2026-05-07,BFLY,2026-05-06,0.3329,strong_down,0.2527,strong_down,0.3354,strong_down,,,,,,
2026-05-07,PTON,2026-05-06,0.326,strong_down,0.2846,strong_down,0.4978,neutral,,,,,,
2026-05-07,RKLB,2026-05-06,0.3222,strong_down,0.5617,up,0.6417,strong_up,,,,,,
2026-05-07,NVTS,2026-05-06,0.3199,strong_down,0.256,strong_down,0.1058,strong_down,,,,,,
2026-05-07,RKT,2026-05-06,0.3187,strong_down,0.4226,down,0.9032,strong_up,,,,,,
2026-05-07,INDI,2026-05-06,0.3174,strong_down,0.2497,strong_down,0.342,strong_down,,,,,,
2026-05-07,NCLH,2026-05-06,0.3172,strong_down,0.2645,strong_down,0.7701,strong_up,,,,,,
2026-05-07,ASTS,2026-05-06,0.3168,strong_down,0.4003,down,0.8115,strong_up,,,,,,
2026-05-07,JOBY,2026-05-06,0.3168,strong_down,0.5374,up,0.5386,up,,,,,,
2026-05-07,AMD,2026-05-06,0.3053,strong_down,0.2492,strong_down,0.2521,strong_down,,,,,,
2026-05-07,CLSK,2026-05-06,0.3036,strong_down,0.373,strong_down,0.3684,strong_down,,,,,,
2026-05-07,GAP,2026-05-06,0.2973,strong_down,0.265,strong_down,0.4036,down,,,,,,
2026-05-07,MARA,2026-05-06,0.2885,strong_down,0.3613,strong_down,0.6266,strong_up,,,,,,
2026-05-07,NVDA,2026-05-06,0.2879,strong_down,0.3448,strong_down,0.733,strong_up,,,,,,
2026-05-07,VISN,2026-05-06,0.2874,strong_down,0.3354,strong_down,0.547,up,,,,,,
2026-05-07,CRWV,2026-05-06,0.2857,strong_down,0.5826,up,0.4726,neutral,,,,,,
2026-05-07,PLUG,2026-05-06,0.2851,strong_down,0.4452,down,0.7791,strong_up,,,,,,
2026-05-07,SMR,2026-05-06,0.2746,strong_down,0.3679,strong_down,0.9048,strong_up,,,,,,
2026-05-07,OLPX,2026-05-06,0.2689,strong_down,0.3124,strong_down,0.3996,strong_down,,,,,,
2026-05-07,CLOV,2026-05-06,0.266,strong_down,0.4606,down,0.6288,strong_up,,,,,,
2026-05-07,EOSE,2026-05-06,0.2549,strong_down,0.524,neutral,0.7178,strong_up,,,,,,
2026-05-07,HTZ,2026-05-06,0.2329,strong_down,0.3078,strong_down,0.2877,strong_down,,,,,,
2026-05-07,MAC,2026-05-06,0.2073,strong_down,0.2616,strong_down,0.3654,strong_down,,,,,,
2026-05-07,BE,2026-05-06,0.184,strong_down,0.3425,strong_down,0.3091,strong_down,,,,,,
